timestamp_iso,elapsed_s,temperature_c,humidity_pct
2026-05-14T10:58:59.591,0.259,24.867200,
2026-05-14T10:59:00.855,1.522,24.859400,
2026-05-14T10:59:02.122,2.790,24.851600,
2026-05-14T10:59:03.392,4.061,24.851600,
2026-05-14T10:59:04.661,5.329,24.843800,
2026-05-14T10:59:05.936,6.604,24.835900,
2026-05-14T10:59:07.200,7.868,24.835900,
2026-05-14T10:59:08.464,9.132,24.828100,
2026-05-14T10:59:09.737,10.407,24.835900,
2026-05-14T10:59:11.007,11.674,24.835900,
2026-05-14T10:59:12.271,12.939,24.843800,
2026-05-14T10:59:13.532,14.201,24.843800,
2026-05-14T10:59:14.807,15.475,24.843800,
2026-05-14T10:59:16.070,16.739,24.843800,
2026-05-14T10:59:17.335,18.002,24.835900,
2026-05-14T10:59:18.603,19.271,24.835900,
2026-05-14T10:59:19.867,20.535,24.835900,
2026-05-14T10:59:21.129,21.797,24.835900,
2026-05-14T10:59:22.401,23.069,24.835900,
2026-05-14T10:59:23.673,24.341,24.851600,
2026-05-14T10:59:24.935,25.603,24.859400,
2026-05-14T10:59:26.209,26.877,24.859400,
2026-05-14T10:59:27.472,28.140,24.867200,
2026-05-14T10:59:28.742,29.412,24.859400,
2026-05-14T10:59:30.010,30.678,24.867200,
2026-05-14T10:59:31.284,31.947,24.875000,
2026-05-14T10:59:32.547,33.215,24.875000,
2026-05-14T10:59:33.812,34.481,24.875000,
2026-05-14T10:59:35.082,35.750,24.882800,
2026-05-14T10:59:36.343,37.011,24.890600,
2026-05-14T10:59:37.610,38.277,24.882800,
2026-05-14T10:59:38.872,39.539,24.890600,
2026-05-14T10:59:40.140,40.809,24.890600,
2026-05-14T10:59:41.406,42.074,24.898400,
2026-05-14T10:59:42.673,43.341,24.906200,
2026-05-14T10:59:43.938,44.605,24.906200,
2026-05-14T10:59:45.201,45.869,24.906200,
2026-05-14T10:59:46.464,47.132,24.906200,
2026-05-14T10:59:47.733,48.401,24.914100,
2026-05-14T10:59:48.993,49.663,24.906200,
2026-05-14T10:59:50.258,50.927,24.906200,
2026-05-14T10:59:51.526,52.194,24.906200,
2026-05-14T10:59:52.787,53.455,24.921900,
2026-05-14T10:59:54.055,54.725,24.921900,
2026-05-14T10:59:55.317,55.987,24.921900,
2026-05-14T10:59:56.597,57.259,24.914100,
2026-05-14T10:59:57.863,58.532,24.914100,
2026-05-14T10:59:59.135,59.802,24.906200,
2026-05-14T11:00:00.395,61.064,24.906200,
2026-05-14T11:00:01.653,62.323,24.906200,
2026-05-14T11:00:02.919,63.586,24.898400,
2026-05-14T11:00:04.182,64.851,24.898400,
2026-05-14T11:00:05.452,66.115,24.898400,
2026-05-14T11:00:06.725,67.390,24.906200,
2026-05-14T11:00:07.994,68.662,24.906200,
2026-05-14T11:00:09.255,69.924,24.921900,
2026-05-14T11:00:10.524,71.193,24.921900,
2026-05-14T11:00:11.786,72.455,24.921900,
2026-05-14T11:00:13.056,73.720,24.929700,
2026-05-14T11:00:14.330,74.999,24.929700,
2026-05-14T11:00:15.599,76.269,24.937500,
2026-05-14T11:00:16.867,77.536,24.937500,
2026-05-14T11:00:18.137,78.807,24.945300,
2026-05-14T11:00:19.407,80.075,24.945300,
2026-05-14T11:00:20.666,81.335,24.960900,
2026-05-14T11:00:21.926,82.595,24.960900,
2026-05-14T11:00:23.196,83.865,24.968800,
2026-05-14T11:00:24.460,85.128,24.968800,
2026-05-14T11:00:25.731,86.398,24.968800,
2026-05-14T11:00:26.995,87.663,24.960900,
2026-05-14T11:00:28.267,88.936,24.984400,
2026-05-14T11:00:29.529,90.197,24.976600,
2026-05-14T11:00:30.792,91.462,24.976600,
2026-05-14T11:00:32.060,92.729,24.984400,
2026-05-14T11:00:33.334,94.002,24.968800,
2026-05-14T11:00:34.598,95.267,24.960900,
2026-05-14T11:00:35.866,96.534,24.968800,
2026-05-14T11:00:37.136,97.804,24.976600,
2026-05-14T11:00:38.411,99.079,24.968800,
2026-05-14T11:00:39.675,100.344,24.976600,
2026-05-14T11:00:40.950,101.618,24.976600,
2026-05-14T11:00:42.211,102.879,24.984400,
2026-05-14T11:00:43.480,104.148,24.984400,
2026-05-14T11:00:44.744,105.413,24.992200,
2026-05-14T11:00:46.003,106.672,24.992200,
2026-05-14T11:00:47.264,107.932,24.992200,
2026-05-14T11:00:48.522,109.192,24.984400,
2026-05-14T11:00:49.794,110.462,24.984400,
2026-05-14T11:00:51.052,111.721,24.992200,
2026-05-14T11:00:52.317,112.986,24.992200,
2026-05-14T11:00:53.578,114.247,24.992200,
2026-05-14T11:00:54.857,115.520,24.992200,
2026-05-14T11:00:56.124,116.792,25.000000,
2026-05-14T11:00:57.394,118.064,24.992200,
2026-05-14T11:00:58.661,119.330,25.000000,
2026-05-14T11:00:59.925,120.593,25.000000,
2026-05-14T11:01:01.195,121.858,24.992200,
2026-05-14T11:01:02.455,123.125,24.984400,
2026-05-14T11:01:03.715,124.383,24.976600,
2026-05-14T11:01:04.984,125.651,24.968800,
2026-05-14T11:01:06.249,126.917,24.960900,
2026-05-14T11:01:07.517,128.185,24.960900,
2026-05-14T11:01:08.781,129.450,24.953100,
2026-05-14T11:01:10.042,130.709,24.945300,
2026-05-14T11:01:11.299,131.969,24.953100,
2026-05-14T11:01:12.570,133.239,24.953100,
2026-05-14T11:01:13.838,134.507,24.945300,
2026-05-14T11:01:15.105,135.772,24.945300,
2026-05-14T11:01:16.370,137.039,24.937500,
2026-05-14T11:01:17.639,138.309,24.937500,
2026-05-14T11:01:18.906,139.576,24.937500,
2026-05-14T11:01:20.173,140.840,24.921900,
2026-05-14T11:01:21.441,142.110,24.921900,
2026-05-14T11:01:22.711,143.380,24.914100,
2026-05-14T11:01:23.973,144.641,24.914100,
2026-05-14T11:01:25.235,145.903,24.914100,
2026-05-14T11:01:26.497,147.166,24.906200,
2026-05-14T11:01:27.758,148.428,24.906200,
2026-05-14T11:01:29.024,149.692,24.906200,
2026-05-14T11:01:30.287,150.956,24.898400,
2026-05-14T11:01:31.546,152.215,24.890600,
2026-05-14T11:01:32.817,153.487,24.906200,
2026-05-14T11:01:34.084,154.753,24.914100,
2026-05-14T11:01:35.352,156.022,24.906200,
2026-05-14T11:01:36.619,157.289,24.898400,
2026-05-14T11:01:37.883,158.553,24.898400,
2026-05-14T11:01:39.155,159.825,24.914100,
2026-05-14T11:01:40.427,161.096,24.914100,
2026-05-14T11:01:41.699,162.368,24.914100,
2026-05-14T11:01:42.972,163.640,24.906200,
2026-05-14T11:01:44.238,164.906,24.906200,
2026-05-14T11:01:45.513,166.181,24.906200,
2026-05-14T11:01:46.785,167.453,24.906200,
2026-05-14T11:01:48.052,168.721,24.906200,
2026-05-14T11:01:49.318,169.987,24.914100,
2026-05-14T11:01:50.588,171.257,24.921900,
2026-05-14T11:01:51.849,172.517,24.914100,
2026-05-14T11:01:53.109,173.777,24.921900,
2026-05-14T11:01:54.380,175.049,24.929700,
2026-05-14T11:01:55.646,176.316,24.929700,
2026-05-14T11:01:56.906,177.575,24.937500,
2026-05-14T11:01:58.170,178.840,24.929700,
2026-05-14T11:01:59.436,180.104,24.921900,
2026-05-14T11:02:00.710,181.378,24.929700,
2026-05-14T11:02:01.980,182.649,24.937500,
2026-05-14T11:02:03.251,183.919,24.937500,
2026-05-14T11:02:04.514,185.183,24.937500,
2026-05-14T11:02:05.786,186.456,24.945300,
2026-05-14T11:02:07.053,187.722,24.945300,
2026-05-14T11:02:08.318,188.987,24.937500,
2026-05-14T11:02:09.590,190.259,24.937500,
2026-05-14T11:02:10.854,191.522,24.937500,
2026-05-14T11:02:12.120,192.789,24.937500,
2026-05-14T11:02:13.392,194.061,24.937500,
2026-05-14T11:02:14.660,195.330,24.929700,
2026-05-14T11:02:15.930,196.597,24.921900,
2026-05-14T11:02:17.198,197.866,24.921900,
2026-05-14T11:02:18.459,199.128,24.929700,
2026-05-14T11:02:19.726,200.396,24.937500,
2026-05-14T11:02:20.985,201.654,24.929700,
2026-05-14T11:02:22.259,202.928,24.929700,
2026-05-14T11:02:23.523,204.190,24.937500,
2026-05-14T11:02:24.781,205.450,24.937500,
2026-05-14T11:02:26.052,206.720,24.937500,
2026-05-14T11:02:27.319,207.988,24.937500,
2026-05-14T11:02:28.581,209.249,24.937500,
2026-05-14T11:02:29.847,210.515,24.937500,
2026-05-14T11:02:31.119,211.787,24.929700,
2026-05-14T11:02:32.380,213.049,24.929700,
2026-05-14T11:02:33.641,214.310,24.929700,
2026-05-14T11:02:34.915,215.584,24.937500,
2026-05-14T11:02:36.182,216.851,24.937500,
2026-05-14T11:02:37.442,218.111,24.945300,
2026-05-14T11:02:38.702,219.371,24.945300,
2026-05-14T11:02:39.962,220.630,24.945300,
2026-05-14T11:02:41.226,221.895,24.953100,
2026-05-14T11:02:42.493,223.161,24.960900,
2026-05-14T11:02:43.759,224.428,24.953100,
2026-05-14T11:02:45.028,225.698,24.960900,
2026-05-14T11:02:46.286,226.956,24.960900,
2026-05-14T11:02:47.559,228.229,24.960900,
2026-05-14T11:02:48.829,229.497,24.960900,
2026-05-14T11:02:50.094,230.762,24.968800,
2026-05-14T11:02:51.359,232.027,24.968800,
2026-05-14T11:02:52.622,233.291,24.976600,
2026-05-14T11:02:53.888,234.557,24.968800,
2026-05-14T11:02:55.146,235.815,24.953100,
2026-05-14T11:02:56.411,237.080,24.960900,
2026-05-14T11:02:57.670,238.339,24.960900,
2026-05-14T11:02:58.931,239.599,24.968800,
2026-05-14T11:03:00.193,240.861,24.968800,
2026-05-14T11:03:01.453,242.121,24.968800,
2026-05-14T11:03:02.713,243.382,24.976600,
2026-05-14T11:03:03.979,244.647,24.976600,
2026-05-14T11:03:05.248,245.916,24.976600,
2026-05-14T11:03:06.508,247.178,24.976600,
2026-05-14T11:03:07.772,248.441,24.976600,
2026-05-14T11:03:09.034,249.704,24.976600,
2026-05-14T11:03:10.299,250.968,24.976600,
2026-05-14T11:03:11.557,252.226,24.968800,
2026-05-14T11:03:12.823,253.490,24.968800,
2026-05-14T11:03:14.090,254.758,24.968800,
2026-05-14T11:03:15.361,256.030,24.968800,
2026-05-14T11:03:16.635,257.302,24.968800,
2026-05-14T11:03:17.897,258.566,24.984400,
2026-05-14T11:03:19.168,259.837,24.976600,
2026-05-14T11:03:20.428,261.098,24.976600,
2026-05-14T11:03:21.699,262.369,24.976600,
2026-05-14T11:03:22.972,263.639,24.976600,
2026-05-14T11:03:24.234,264.903,24.984400,
2026-05-14T11:03:25.507,266.175,24.984400,
2026-05-14T11:03:26.775,267.444,24.992200,
2026-05-14T11:03:28.043,268.712,24.992200,
2026-05-14T11:03:29.303,269.972,24.992200,
2026-05-14T11:03:30.574,271.242,24.992200,
2026-05-14T11:03:31.836,272.505,24.992200,
2026-05-14T11:03:33.096,273.764,24.992200,
2026-05-14T11:03:34.369,275.038,25.000000,
2026-05-14T11:03:35.645,276.312,24.992200,
2026-05-14T11:03:36.918,277.586,25.000000,
2026-05-14T11:03:38.186,278.854,25.007800,
2026-05-14T11:03:39.448,280.116,25.000000,
2026-05-14T11:03:40.716,281.384,25.007800,
2026-05-14T11:03:41.987,282.656,25.007800,
2026-05-14T11:03:43.257,283.921,25.015600,
2026-05-14T11:03:44.520,285.190,25.015600,
2026-05-14T11:03:45.781,286.450,25.015600,
2026-05-14T11:03:47.042,287.709,25.023400,
2026-05-14T11:03:48.306,288.975,25.015600,
2026-05-14T11:03:49.571,290.239,25.023400,
2026-05-14T11:03:50.845,291.513,25.015600,
2026-05-14T11:03:52.115,292.785,25.015600,
2026-05-14T11:03:53.383,294.050,25.015600,
2026-05-14T11:03:54.645,295.313,25.023400,
2026-05-14T11:03:55.915,296.583,25.015600,
2026-05-14T11:03:57.183,297.851,25.015600,
2026-05-14T11:03:58.454,299.121,25.015600,
2026-05-14T11:03:59.716,300.384,25.015600,
2026-05-14T11:04:00.974,301.643,25.000000,
2026-05-14T11:04:02.234,302.902,24.992200,
2026-05-14T11:04:03.492,304.161,24.992200,
2026-05-14T11:04:04.760,305.428,24.992200,
2026-05-14T11:04:06.018,306.687,25.000000,
2026-05-14T11:04:07.282,307.951,25.000000,
2026-05-14T11:04:08.555,309.223,25.000000,
2026-05-14T11:04:09.816,310.485,25.000000,
2026-05-14T11:04:11.077,311.746,25.000000,
2026-05-14T11:04:12.344,313.014,25.007800,
2026-05-14T11:04:13.606,314.273,25.007800,
2026-05-14T11:04:14.873,315.541,25.007800,
2026-05-14T11:04:16.137,316.805,25.007800,
2026-05-14T11:04:17.400,318.068,25.015600,
2026-05-14T11:04:18.666,319.334,25.000000,
2026-05-14T11:04:19.926,320.595,24.992200,
2026-05-14T11:04:21.186,321.856,25.000000,
2026-05-14T11:04:22.457,323.125,25.000000,
2026-05-14T11:04:23.728,324.398,25.000000,
2026-05-14T11:04:24.992,325.661,25.000000,
2026-05-14T11:04:26.266,326.933,25.000000,
2026-05-14T11:04:27.535,328.203,25.000000,
2026-05-14T11:04:28.797,329.467,25.000000,
2026-05-14T11:04:30.069,330.738,25.007800,
2026-05-14T11:04:31.333,332.001,25.007800,
2026-05-14T11:04:32.604,333.272,25.007800,
2026-05-14T11:04:33.868,334.535,25.007800,
2026-05-14T11:04:35.135,335.804,25.015600,
2026-05-14T11:04:36.400,337.069,25.015600,
2026-05-14T11:04:37.667,338.336,25.015600,
2026-05-14T11:04:38.927,339.595,25.015600,
2026-05-14T11:04:40.191,340.859,25.007800,
2026-05-14T11:04:41.463,342.131,25.023400,
2026-05-14T11:04:42.736,343.404,25.015600,
2026-05-14T11:04:44.007,344.677,25.023400,
2026-05-14T11:04:45.268,345.937,25.023400,
2026-05-14T11:04:46.535,347.203,25.023400,
2026-05-14T11:04:47.804,348.474,25.023400,
2026-05-14T11:04:49.069,349.738,25.023400,
2026-05-14T11:04:50.342,351.010,25.023400,
2026-05-14T11:04:51.615,352.282,25.031200,
2026-05-14T11:04:52.888,353.556,25.031200,
2026-05-14T11:04:54.158,354.827,25.031200,
2026-05-14T11:04:55.424,356.094,25.031200,
2026-05-14T11:04:56.692,357.360,25.039100,
2026-05-14T11:04:57.956,358.625,25.046900,
2026-05-14T11:04:59.221,359.890,25.046900,
2026-05-14T11:05:00.482,361.152,25.039100,
2026-05-14T11:05:01.745,362.413,25.039100,
2026-05-14T11:05:03.015,363.685,25.039100,
2026-05-14T11:05:04.279,364.948,25.046900,
2026-05-14T11:05:05.544,366.212,25.039100,
2026-05-14T11:05:06.802,367.472,25.039100,
2026-05-14T11:05:08.063,368.732,25.023400,
2026-05-14T11:05:09.338,370.006,25.015600,
2026-05-14T11:05:10.604,371.272,25.023400,
2026-05-14T11:05:11.878,372.546,25.007800,
2026-05-14T11:05:13.138,373.806,25.000000,
2026-05-14T11:05:14.408,375.076,25.007800,
2026-05-14T11:05:15.669,376.338,25.007800,
2026-05-14T11:05:16.944,377.612,25.007800,
2026-05-14T11:05:18.213,378.881,25.007800,
2026-05-14T11:05:19.475,380.143,25.007800,
2026-05-14T11:05:20.750,381.417,25.007800,
2026-05-14T11:05:22.014,382.681,25.015600,
2026-05-14T11:05:23.277,383.945,25.015600,
2026-05-14T11:05:24.550,385.219,25.015600,
2026-05-14T11:05:25.811,386.480,25.023400,
2026-05-14T11:05:27.078,387.746,25.023400,
2026-05-14T11:05:28.342,389.010,25.031200,
2026-05-14T11:05:29.608,390.275,25.031200,
2026-05-14T11:05:30.869,391.537,25.031200,
2026-05-14T11:05:32.128,392.797,25.039100,
2026-05-14T11:05:33.388,394.057,25.039100,
2026-05-14T11:05:34.652,395.321,25.046900,
2026-05-14T11:05:35.921,396.590,25.046900,
2026-05-14T11:05:37.188,397.857,25.046900,
2026-05-14T11:05:38.459,399.128,25.046900,
2026-05-14T11:05:39.720,400.390,25.046900,
2026-05-14T11:05:40.988,401.655,25.054700,
2026-05-14T11:05:42.255,402.924,25.039100,
2026-05-14T11:05:43.527,404.196,25.031200,
2026-05-14T11:05:44.790,405.458,25.023400,
2026-05-14T11:05:46.055,406.723,25.015600,
2026-05-14T11:05:47.317,407.984,25.015600,
2026-05-14T11:05:48.587,409.257,25.015600,
2026-05-14T11:05:49.850,410.519,25.015600,
2026-05-14T11:05:51.116,411.785,25.023400,
2026-05-14T11:05:52.372,413.042,25.023400,
2026-05-14T11:05:53.647,414.314,25.023400,
2026-05-14T11:05:54.911,415.579,25.023400,
2026-05-14T11:05:56.175,416.843,25.031200,
2026-05-14T11:05:57.442,418.110,25.023400,
2026-05-14T11:05:58.713,419.382,25.031200,
2026-05-14T11:05:59.977,420.645,25.031200,
2026-05-14T11:06:01.251,421.918,25.031200,
2026-05-14T11:06:02.518,423.186,25.031200,
2026-05-14T11:06:03.792,424.460,25.031200,
2026-05-14T11:06:05.057,425.726,25.031200,
2026-05-14T11:06:06.319,426.988,25.031200,
2026-05-14T11:06:07.584,428.254,25.039100,
2026-05-14T11:06:08.846,429.516,25.031200,
2026-05-14T11:06:10.113,430.782,25.039100,
2026-05-14T11:06:11.378,432.047,25.039100,
2026-05-14T11:06:12.637,433.306,25.039100,
2026-05-14T11:06:13.904,434.569,25.039100,
2026-05-14T11:06:15.166,435.836,25.031200,
2026-05-14T11:06:16.427,437.095,25.046900,
2026-05-14T11:06:17.698,438.365,25.039100,
2026-05-14T11:06:18.959,439.626,25.039100,
2026-05-14T11:06:20.218,440.887,25.039100,
2026-05-14T11:06:21.486,442.155,25.039100,
2026-05-14T11:06:22.757,443.426,25.039100,
2026-05-14T11:06:24.015,444.684,25.039100,
2026-05-14T11:06:25.279,445.949,25.039100,
2026-05-14T11:06:26.547,447.215,25.039100,
2026-05-14T11:06:27.814,448.481,25.046900,
2026-05-14T11:06:29.083,449.751,25.046900,
2026-05-14T11:06:30.358,451.025,25.046900,
2026-05-14T11:06:31.624,452.293,25.054700,
2026-05-14T11:06:32.895,453.564,25.046900,
2026-05-14T11:06:34.154,454.824,25.054700,
2026-05-14T11:06:35.414,456.083,25.046900,
2026-05-14T11:06:36.679,457.349,25.046900,
2026-05-14T11:06:37.950,458.618,25.046900,
2026-05-14T11:06:39.223,459.891,25.046900,
2026-05-14T11:06:40.492,461.162,25.046900,
2026-05-14T11:06:41.754,462.424,25.046900,
2026-05-14T11:06:43.024,463.691,25.039100,
2026-05-14T11:06:44.281,464.951,25.039100,
2026-05-14T11:06:45.541,466.210,25.031200,
2026-05-14T11:06:46.809,467.478,25.031200,
2026-05-14T11:06:48.073,468.743,25.031200,
2026-05-14T11:06:49.339,470.007,25.031200,
2026-05-14T11:06:50.601,471.268,25.031200,
2026-05-14T11:06:51.864,472.533,25.023400,
2026-05-14T11:06:53.133,473.803,25.023400,
2026-05-14T11:06:54.406,475.075,25.023400,
2026-05-14T11:06:55.674,476.342,25.023400,
2026-05-14T11:06:56.949,477.617,25.023400,
2026-05-14T11:06:58.215,478.883,25.023400,
2026-05-14T11:06:59.480,480.144,25.023400,
2026-05-14T11:07:00.743,481.411,25.023400,
2026-05-14T11:07:02.013,482.681,25.023400,
2026-05-14T11:07:03.283,483.951,25.023400,
2026-05-14T11:07:04.552,485.221,25.031200,
2026-05-14T11:07:05.823,486.491,25.031200,
2026-05-14T11:07:07.096,487.764,25.023400,
2026-05-14T11:07:08.371,489.039,25.023400,
2026-05-14T11:07:09.634,490.304,25.023400,
2026-05-14T11:07:10.893,491.562,25.015600,
2026-05-14T11:07:12.153,492.822,25.023400,
2026-05-14T11:07:13.415,494.084,25.031200,
2026-05-14T11:07:14.681,495.351,25.023400,
2026-05-14T11:07:15.951,496.620,25.023400,
2026-05-14T11:07:17.213,497.881,25.023400,
2026-05-14T11:07:18.509,499.176,25.015600,
2026-05-14T11:07:19.902,500.570,25.015600,
2026-05-14T11:07:21.168,501.837,25.000000,
2026-05-14T11:07:22.441,503.109,24.992200,
2026-05-14T11:07:23.714,504.382,24.976600,
2026-05-14T11:07:24.990,505.658,24.968800,
2026-05-14T11:07:26.257,506.925,24.968800,
2026-05-14T11:07:27.528,508.196,24.968800,
2026-05-14T11:07:28.798,509.466,24.960900,
2026-05-14T11:07:30.061,510.730,24.945300,
2026-05-14T11:07:31.323,511.991,24.953100,
2026-05-14T11:07:32.580,513.250,24.945300,
2026-05-14T11:07:33.859,514.521,24.945300,
2026-05-14T11:07:35.122,515.790,24.945300,
2026-05-14T11:07:36.391,517.058,24.953100,
2026-05-14T11:07:37.663,518.330,24.953100,
2026-05-14T11:07:38.937,519.605,24.953100,
2026-05-14T11:07:40.207,520.875,24.953100,
2026-05-14T11:07:41.480,522.148,24.937500,
2026-05-14T11:07:42.741,523.408,24.937500,
2026-05-14T11:07:44.004,524.672,24.929700,
2026-05-14T11:07:45.264,525.933,24.929700,
2026-05-14T11:07:46.527,527.196,24.937500,
2026-05-14T11:07:47.792,528.460,24.929700,
2026-05-14T11:07:49.055,529.723,24.921900,
2026-05-14T11:07:50.314,530.983,24.921900,
2026-05-14T11:07:51.577,532.245,24.921900,
2026-05-14T11:07:52.840,533.507,24.929700,
2026-05-14T11:07:54.108,534.775,24.914100,
2026-05-14T11:07:55.382,536.049,24.906200,
2026-05-14T11:07:56.645,537.313,24.906200,
2026-05-14T11:07:57.919,538.588,24.914100,
2026-05-14T11:07:59.193,539.861,24.914100,
2026-05-14T11:08:00.467,541.135,24.906200,
2026-05-14T11:08:01.732,542.400,24.906200,
2026-05-14T11:08:02.992,543.661,24.898400,
2026-05-14T11:08:04.262,544.931,24.898400,
2026-05-14T11:08:05.534,546.202,24.898400,
2026-05-14T11:08:06.800,547.468,24.898400,
2026-05-14T11:08:08.062,548.731,24.898400,
2026-05-14T11:08:09.325,549.993,24.898400,
2026-05-14T11:08:10.589,551.257,24.906200,
2026-05-14T11:08:11.865,552.533,24.906200,
2026-05-14T11:08:13.128,553.796,24.898400,
2026-05-14T11:08:14.391,555.059,24.914100,
2026-05-14T11:08:15.654,556.322,24.921900,
2026-05-14T11:08:16.929,557.596,24.921900,
2026-05-14T11:08:18.197,558.865,24.929700,
2026-05-14T11:08:19.465,560.134,24.921900,
2026-05-14T11:08:20.734,561.402,24.914100,
2026-05-14T11:08:21.996,562.664,24.921900,
2026-05-14T11:08:23.257,563.924,24.921900,
2026-05-14T11:08:24.528,565.196,24.929700,
2026-05-14T11:08:25.789,566.459,24.929700,
2026-05-14T11:08:27.054,567.722,24.929700,
2026-05-14T11:08:28.321,568.989,24.937500,
2026-05-14T11:08:29.585,570.252,24.945300,
2026-05-14T11:08:30.846,571.514,24.953100,
2026-05-14T11:08:32.115,572.784,24.953100,
2026-05-14T11:08:33.377,574.044,24.960900,
2026-05-14T11:08:34.641,575.309,24.960900,
2026-05-14T11:08:35.906,576.574,24.960900,
2026-05-14T11:08:37.176,577.844,24.976600,
2026-05-14T11:08:38.439,579.109,24.968800,
2026-05-14T11:08:39.704,580.374,24.976600,
2026-05-14T11:08:40.970,581.639,24.968800,
2026-05-14T11:08:42.242,582.912,24.976600,
2026-05-14T11:08:43.506,584.176,24.976600,
2026-05-14T11:08:44.778,585.446,24.976600,
2026-05-14T11:08:46.048,586.717,24.976600,
2026-05-14T11:08:47.311,587.981,24.984400,
2026-05-14T11:08:48.574,589.242,25.000000,
2026-05-14T11:08:49.845,590.513,24.992200,
2026-05-14T11:08:51.120,591.788,24.992200,
2026-05-14T11:08:52.385,593.053,25.000000,
2026-05-14T11:08:53.659,594.327,25.015600,
2026-05-14T11:08:54.924,595.592,25.007800,
2026-05-14T11:08:56.200,596.868,25.023400,
2026-05-14T11:08:57.470,598.139,25.031200,
2026-05-14T11:08:58.735,599.405,25.039100,
2026-05-14T11:09:00.003,600.671,25.039100,
2026-05-14T11:09:01.270,601.937,25.054700,
2026-05-14T11:09:02.545,603.213,25.062500,
2026-05-14T11:09:03.807,604.475,25.070300,
2026-05-14T11:09:05.066,605.735,25.070300,
2026-05-14T11:09:06.327,606.995,25.078100,
2026-05-14T11:09:07.597,608.266,25.085900,
2026-05-14T11:09:08.863,609.531,25.085900,
2026-05-14T11:09:10.126,610.794,25.085900,
2026-05-14T11:09:11.399,612.067,25.093800,
2026-05-14T11:09:12.658,613.328,25.085900,
2026-05-14T11:09:13.919,614.587,25.093800,
2026-05-14T11:09:15.181,615.848,25.093800,
2026-05-14T11:09:16.454,617.122,25.109400,
2026-05-14T11:09:17.718,618.386,25.093800,
2026-05-14T11:09:18.984,619.654,25.101600,
2026-05-14T11:09:20.249,620.917,25.101600,
2026-05-14T11:09:21.508,622.177,25.093800,
2026-05-14T11:09:22.783,623.451,25.085900,
2026-05-14T11:09:24.047,624.715,25.078100,
2026-05-14T11:09:25.319,625.987,25.078100,
2026-05-14T11:09:26.590,627.259,25.070300,
2026-05-14T11:09:27.865,628.533,25.070300,
2026-05-14T11:09:29.129,629.798,25.078100,
2026-05-14T11:09:30.391,631.061,25.062500,
2026-05-14T11:09:31.662,632.330,25.070300,
2026-05-14T11:09:32.929,633.597,25.062500,
2026-05-14T11:09:34.193,634.861,25.070300,
2026-05-14T11:09:35.458,636.126,25.062500,
2026-05-14T11:09:36.727,637.394,25.062500,
2026-05-14T11:09:37.996,638.664,25.062500,
2026-05-14T11:09:39.263,639.932,25.054700,
2026-05-14T11:09:40.530,641.200,25.054700,
2026-05-14T11:09:41.788,642.457,25.046900,
2026-05-14T11:09:43.051,643.719,25.054700,
2026-05-14T11:09:44.309,644.979,25.046900,
2026-05-14T11:09:45.574,646.243,25.054700,
2026-05-14T11:09:46.835,647.503,25.062500,
2026-05-14T11:09:48.102,648.770,25.062500,
2026-05-14T11:09:49.364,650.031,25.070300,
2026-05-14T11:09:50.626,651.295,25.078100,
2026-05-14T11:09:51.899,652.567,25.085900,
2026-05-14T11:09:53.164,653.831,25.093800,
2026-05-14T11:09:54.426,655.095,25.093800,
2026-05-14T11:09:55.697,656.365,25.101600,
2026-05-14T11:09:56.958,657.625,25.109400,
2026-05-14T11:09:58.229,658.897,25.109400,
2026-05-14T11:09:59.487,660.157,25.125000,
2026-05-14T11:10:00.749,661.419,25.125000,
2026-05-14T11:10:02.020,662.690,25.140600,
2026-05-14T11:10:03.290,663.960,25.148400,
2026-05-14T11:10:04.560,665.228,25.148400,
2026-05-14T11:10:05.831,666.499,25.156200,
2026-05-14T11:10:07.099,667.767,25.156200,
2026-05-14T11:10:08.359,669.028,25.179700,
2026-05-14T11:10:09.621,670.289,25.179700,
2026-05-14T11:10:10.882,671.551,25.187500,
2026-05-14T11:10:12.150,672.819,25.195300,
2026-05-14T11:10:13.415,674.082,25.195300,
2026-05-14T11:10:14.689,675.357,25.195300,
2026-05-14T11:10:15.951,676.621,25.195300,
2026-05-14T11:10:17.210,677.879,25.195300,
2026-05-14T11:10:18.481,679.150,25.203100,
2026-05-14T11:10:19.754,680.423,25.218800,
2026-05-14T11:10:21.018,681.687,25.218800,
2026-05-14T11:10:22.291,682.960,25.234400,
2026-05-14T11:10:23.553,684.222,25.234400,
2026-05-14T11:10:24.810,685.480,25.242200,
2026-05-14T11:10:26.078,686.748,25.257800,
2026-05-14T11:10:27.342,688.010,25.257800,
2026-05-14T11:10:28.604,689.272,25.257800,
2026-05-14T11:10:29.864,690.533,25.265600,
2026-05-14T11:10:31.132,691.802,25.265600,
2026-05-14T11:10:32.392,693.061,25.273400,
2026-05-14T11:10:33.660,694.329,25.273400,
2026-05-14T11:10:34.921,695.591,25.273400,
2026-05-14T11:10:36.187,696.856,25.273400,
2026-05-14T11:10:37.459,698.128,25.281200,
2026-05-14T11:10:38.728,699.397,25.281200,
2026-05-14T11:10:39.987,700.655,25.304700,
2026-05-14T11:10:41.252,701.921,25.304700,
2026-05-14T11:10:42.520,703.188,25.304700,
2026-05-14T11:10:43.781,704.450,25.312500,
2026-05-14T11:10:45.045,705.714,25.304700,
2026-05-14T11:10:46.316,706.986,25.304700,
2026-05-14T11:10:47.584,708.254,25.304700,
2026-05-14T11:10:48.849,709.518,25.304700,
2026-05-14T11:10:50.124,710.792,25.312500,
2026-05-14T11:10:51.383,712.052,25.320300,
2026-05-14T11:10:52.647,713.315,25.328100,
2026-05-14T11:10:53.917,714.585,25.320300,
2026-05-14T11:10:55.188,715.856,25.328100,
2026-05-14T11:10:56.455,717.124,25.328100,
2026-05-14T11:10:57.729,718.396,25.328100,
2026-05-14T11:10:58.992,719.662,25.335900,
2026-05-14T11:11:00.261,720.931,25.335900,
2026-05-14T11:11:01.523,722.192,25.335900,
2026-05-14T11:11:02.783,723.451,25.343800,
2026-05-14T11:11:04.053,724.720,25.351600,
2026-05-14T11:11:05.311,725.980,25.351600,
2026-05-14T11:11:06.580,727.249,25.351600,
2026-05-14T11:11:07.846,728.514,25.351600,
2026-05-14T11:11:09.119,729.786,25.351600,
2026-05-14T11:11:10.390,731.059,25.359400,
2026-05-14T11:11:11.655,732.324,25.359400,
2026-05-14T11:11:12.928,733.596,25.367200,
2026-05-14T11:11:14.199,734.868,25.375000,
2026-05-14T11:11:15.466,736.135,25.367200,
2026-05-14T11:11:16.742,737.410,25.359400,
2026-05-14T11:11:18.016,738.684,25.367200,
2026-05-14T11:11:19.281,739.951,25.382800,
2026-05-14T11:11:20.554,741.223,25.375000,
2026-05-14T11:11:21.812,742.481,25.382800,
2026-05-14T11:11:23.082,743.752,25.382800,
2026-05-14T11:11:24.340,745.009,25.390600,
2026-05-14T11:11:25.613,746.282,25.390600,
2026-05-14T11:11:26.874,747.542,25.390600,
2026-05-14T11:11:28.148,748.811,25.390600,
2026-05-14T11:11:29.414,750.083,25.398400,
2026-05-14T11:11:30.674,751.343,25.406200,
2026-05-14T11:11:31.933,752.603,25.406200,
2026-05-14T11:11:33.206,753.874,25.414100,
2026-05-14T11:11:34.474,755.141,25.421900,
2026-05-14T11:11:35.736,756.403,25.437500,
2026-05-14T11:11:37.007,757.675,25.437500,
2026-05-14T11:11:38.268,758.937,25.429700,
2026-05-14T11:11:39.535,760.204,25.421900,
2026-05-14T11:11:40.808,761.476,25.429700,
2026-05-14T11:11:42.072,762.741,25.453100,
2026-05-14T11:11:43.340,764.008,25.445300,
2026-05-14T11:11:44.608,765.278,25.445300,
2026-05-14T11:11:45.866,766.535,25.460900,
2026-05-14T11:11:47.131,767.798,25.460900,
2026-05-14T11:11:48.404,769.072,25.460900,
2026-05-14T11:11:49.664,770.334,25.468800,
2026-05-14T11:11:50.923,771.592,25.476600,
2026-05-14T11:11:52.194,772.863,25.484400,
2026-05-14T11:11:53.457,774.127,25.492200,
2026-05-14T11:11:54.722,775.390,25.492200,
2026-05-14T11:11:55.994,776.662,25.492200,
2026-05-14T11:11:57.267,777.935,25.492200,
2026-05-14T11:11:58.532,779.201,25.500000,
2026-05-14T11:11:59.798,780.467,25.500000,
2026-05-14T11:12:01.059,781.728,25.500000,
2026-05-14T11:12:02.320,782.990,25.500000,
2026-05-14T11:12:03.585,784.253,25.507800,
2026-05-14T11:12:04.860,785.529,25.507800,
2026-05-14T11:12:06.123,786.791,25.500000,
2026-05-14T11:12:07.387,788.055,25.492200,
2026-05-14T11:12:08.654,789.322,25.492200,
2026-05-14T11:12:09.918,790.586,25.492200,
2026-05-14T11:12:11.184,791.853,25.492200,
2026-05-14T11:12:12.450,793.118,25.515600,
2026-05-14T11:12:13.720,794.389,25.523400,
2026-05-14T11:12:14.994,795.661,25.531200,
2026-05-14T11:12:16.263,796.932,25.523400,
2026-05-14T11:12:17.526,798.194,25.523400,
2026-05-14T11:12:18.794,799.462,25.531200,
2026-05-14T11:12:20.062,800.731,25.531200,
2026-05-14T11:12:21.332,802.000,25.539100,
2026-05-14T11:12:22.602,803.270,25.531200,
2026-05-14T11:12:23.864,804.532,25.523400,
2026-05-14T11:12:25.130,805.798,25.531200,
2026-05-14T11:12:26.392,807.060,25.531200,
2026-05-14T11:12:27.656,808.325,25.531200,
2026-05-14T11:12:28.921,809.588,25.531200,
2026-05-14T11:12:30.181,810.849,25.546900,
2026-05-14T11:12:31.451,812.121,25.546900,
2026-05-14T11:12:32.722,813.390,25.554700,
2026-05-14T11:12:33.992,814.661,25.554700,
2026-05-14T11:12:35.251,815.920,25.562500,
2026-05-14T11:12:36.514,817.183,25.570300,
2026-05-14T11:12:37.772,818.441,25.578100,
2026-05-14T11:12:39.040,819.708,25.585900,
2026-05-14T11:12:40.301,820.970,25.585900,
2026-05-14T11:12:41.564,822.234,25.601600,
2026-05-14T11:12:42.830,823.498,25.593800,
2026-05-14T11:12:44.096,824.764,25.609400,
2026-05-14T11:12:45.362,826.031,25.601600,
2026-05-14T11:12:46.628,827.296,25.601600,
2026-05-14T11:12:47.888,828.557,25.601600,
2026-05-14T11:12:49.147,829.815,25.601600,
2026-05-14T11:12:50.407,831.076,25.609400,
2026-05-14T11:12:51.667,832.335,25.617200,
2026-05-14T11:12:52.931,833.599,25.625000,
2026-05-14T11:12:54.204,834.872,25.640600,
2026-05-14T11:12:55.472,836.141,25.632800,
2026-05-14T11:12:56.732,837.401,25.632800,
2026-05-14T11:12:57.997,838.666,25.632800,
2026-05-14T11:12:59.258,839.926,25.640600,
2026-05-14T11:13:00.524,841.193,25.625000,
2026-05-14T11:13:01.782,842.451,25.609400,
2026-05-14T11:13:03.041,843.710,25.601600,
2026-05-14T11:13:04.314,844.982,25.585900,
2026-05-14T11:13:05.580,846.250,25.585900,
2026-05-14T11:13:06.847,847.515,25.593800,
2026-05-14T11:13:08.115,848.782,25.601600,
2026-05-14T11:13:09.384,850.054,25.609400,
2026-05-14T11:13:10.653,851.321,25.617200,
2026-05-14T11:13:11.912,852.581,25.617200,
2026-05-14T11:13:13.171,853.840,25.617200,
2026-05-14T11:13:14.428,855.098,25.632800,
2026-05-14T11:13:15.693,856.361,25.640600,
2026-05-14T11:13:16.956,857.625,25.640600,
2026-05-14T11:13:18.223,858.890,25.632800,
2026-05-14T11:13:19.482,860.151,25.648400,
2026-05-14T11:13:20.744,861.411,25.656200,
2026-05-14T11:13:22.013,862.682,25.648400,
2026-05-14T11:13:23.282,863.950,25.656200,
2026-05-14T11:13:24.554,865.223,25.656200,
2026-05-14T11:13:25.815,866.483,25.671900,
2026-05-14T11:13:27.078,867.746,25.679700,
2026-05-14T11:13:28.342,869.010,25.679700,
2026-05-14T11:13:29.604,870.273,25.671900,
2026-05-14T11:13:30.866,871.535,25.664100,
2026-05-14T11:13:32.133,872.803,25.664100,
2026-05-14T11:13:33.392,874.062,25.664100,
2026-05-14T11:13:34.651,875.321,25.671900,
2026-05-14T11:13:35.925,876.594,25.679700,
2026-05-14T11:13:37.192,877.861,25.679700,
2026-05-14T11:13:38.460,879.130,25.664100,
2026-05-14T11:13:39.727,880.395,25.679700,
2026-05-14T11:13:40.998,881.667,25.679700,
2026-05-14T11:13:42.267,882.936,25.671900,
2026-05-14T11:13:43.538,884.206,25.671900,
2026-05-14T11:13:44.812,885.480,25.648400,
2026-05-14T11:13:46.072,886.741,25.640600,
2026-05-14T11:13:47.333,888.001,25.632800,
2026-05-14T11:13:48.595,889.262,25.625000,
2026-05-14T11:13:49.863,890.531,25.617200,
2026-05-14T11:13:51.121,891.790,25.609400,
2026-05-14T11:13:52.388,893.057,25.609400,
2026-05-14T11:13:53.646,894.316,25.601600,
2026-05-14T11:13:54.908,895.576,25.601600,
2026-05-14T11:13:56.182,896.849,25.593800,
2026-05-14T11:13:57.452,898.122,25.617200,
2026-05-14T11:13:58.713,899.382,25.609400,
2026-05-14T11:13:59.982,900.650,25.617200,
2026-05-14T11:14:01.252,901.922,25.617200,
2026-05-14T11:14:02.525,903.192,25.601600,
2026-05-14T11:14:03.795,904.463,25.609400,
2026-05-14T11:14:05.060,905.729,25.632800,
2026-05-14T11:14:06.317,906.986,25.609400,
2026-05-14T11:14:07.584,908.252,25.593800,
2026-05-14T11:14:08.861,909.529,25.593800,
2026-05-14T11:14:10.131,910.800,25.601600,
2026-05-14T11:14:11.396,912.066,25.617200,
2026-05-14T11:14:12.661,913.330,25.617200,
2026-05-14T11:14:13.933,914.601,25.625000,
2026-05-14T11:14:15.202,915.872,25.625000,
2026-05-14T11:14:16.473,917.142,25.632800,
2026-05-14T11:14:17.733,918.403,25.640600,
2026-05-14T11:14:18.997,919.666,25.640600,
2026-05-14T11:14:20.256,920.925,25.632800,
2026-05-14T11:14:21.522,922.191,25.648400,
2026-05-14T11:14:22.781,923.451,25.648400,
2026-05-14T11:14:24.047,924.716,25.656200,
2026-05-14T11:14:25.319,925.987,25.656200,
2026-05-14T11:14:26.590,927.259,25.664100,
2026-05-14T11:14:27.855,928.525,25.664100,
2026-05-14T11:14:29.112,929.782,25.671900,
2026-05-14T11:14:30.370,931.040,25.679700,
2026-05-14T11:14:31.637,932.306,25.679700,
2026-05-14T11:14:32.903,933.572,25.679700,
2026-05-14T11:14:34.170,934.838,25.687500,
2026-05-14T11:14:35.434,936.103,25.695300,
2026-05-14T11:14:36.701,937.369,25.679700,
2026-05-14T11:14:37.972,938.641,25.671900,
2026-05-14T11:14:39.234,939.903,25.671900,
2026-05-14T11:14:40.501,941.171,25.679700,
2026-05-14T11:14:41.768,942.437,25.679700,
2026-05-14T11:14:43.034,943.703,25.679700,
2026-05-14T11:14:44.298,944.966,25.687500,
2026-05-14T11:14:45.570,946.238,25.687500,
2026-05-14T11:14:46.835,947.503,25.687500,
2026-05-14T11:14:48.104,948.772,25.695300,
2026-05-14T11:14:49.371,950.040,25.687500,
2026-05-14T11:14:50.631,951.299,25.671900,
2026-05-14T11:14:51.896,952.564,25.679700,
2026-05-14T11:14:53.161,953.829,25.679700,
2026-05-14T11:14:54.425,955.092,25.679700,
2026-05-14T11:14:55.695,956.363,25.679700,
2026-05-14T11:14:56.965,957.633,25.671900,
2026-05-14T11:14:58.227,958.895,25.671900,
2026-05-14T11:14:59.495,960.163,25.687500,
2026-05-14T11:15:00.765,961.433,25.695300,
2026-05-14T11:15:02.034,962.702,25.710900,
2026-05-14T11:15:03.302,963.970,25.718800,
2026-05-14T11:15:04.571,965.239,25.726600,
2026-05-14T11:15:05.847,966.514,25.734400,
2026-05-14T11:15:07.113,967.780,25.734400,
2026-05-14T11:15:08.381,969.049,25.742200,
2026-05-14T11:15:09.653,970.322,25.750000,
2026-05-14T11:15:10.915,971.583,25.757800,
2026-05-14T11:15:12.178,972.846,25.757800,
2026-05-14T11:15:13.444,974.111,25.765600,
2026-05-14T11:15:14.710,975.378,25.765600,
2026-05-14T11:15:15.981,976.648,25.781200,
2026-05-14T11:15:17.242,977.910,25.789100,
2026-05-14T11:15:18.517,979.185,25.789100,
2026-05-14T11:15:19.781,980.449,25.789100,
2026-05-14T11:15:21.049,981.718,25.796900,
2026-05-14T11:15:22.311,982.978,25.812500,
2026-05-14T11:15:23.580,984.248,25.804700,
2026-05-14T11:15:24.851,985.519,25.804700,
2026-05-14T11:15:26.113,986.782,25.804700,
2026-05-14T11:15:27.380,988.048,25.796900,
2026-05-14T11:15:28.643,989.311,25.789100,
2026-05-14T11:15:29.910,990.579,25.773400,
2026-05-14T11:15:31.172,991.840,25.757800,
2026-05-14T11:15:32.438,993.106,25.757800,
2026-05-14T11:15:33.701,994.370,25.750000,
2026-05-14T11:15:34.971,995.639,25.742200,
2026-05-14T11:15:36.230,996.900,25.734400,
2026-05-14T11:15:37.498,998.165,25.734400,
2026-05-14T11:15:38.764,999.432,25.726600,
2026-05-14T11:15:40.027,1000.695,25.734400,
2026-05-14T11:15:41.295,1001.962,25.710900,
2026-05-14T11:15:42.555,1003.224,25.703100,
2026-05-14T11:15:43.828,1004.495,25.703100,
2026-05-14T11:15:45.097,1005.765,25.695300,
2026-05-14T11:15:46.371,1007.039,25.695300,
2026-05-14T11:15:47.642,1008.310,25.695300,
2026-05-14T11:15:48.910,1009.578,25.695300,
2026-05-14T11:15:50.172,1010.841,25.703100,
2026-05-14T11:15:51.440,1012.108,25.710900,
2026-05-14T11:15:52.715,1013.382,25.695300,
2026-05-14T11:15:53.982,1014.650,25.703100,
2026-05-14T11:15:55.249,1015.916,25.703100,
2026-05-14T11:15:56.511,1017.180,25.703100,
2026-05-14T11:15:57.778,1018.446,25.695300,
2026-05-14T11:15:59.050,1019.718,25.695300,
2026-05-14T11:16:00.326,1020.994,25.703100,
2026-05-14T11:16:01.594,1022.263,25.695300,
2026-05-14T11:16:02.859,1023.526,25.695300,
2026-05-14T11:16:04.130,1024.798,25.687500,
2026-05-14T11:16:05.391,1026.059,25.671900,
2026-05-14T11:16:06.662,1027.330,25.671900,
2026-05-14T11:16:07.934,1028.602,25.671900,
2026-05-14T11:16:09.194,1029.863,25.671900,
2026-05-14T11:16:10.459,1031.127,25.679700,
2026-05-14T11:16:11.721,1032.389,25.679700,
2026-05-14T11:16:12.993,1033.663,25.687500,
2026-05-14T11:16:14.264,1034.932,25.687500,
2026-05-14T11:16:15.524,1036.192,25.695300,
2026-05-14T11:16:16.791,1037.459,25.695300,
2026-05-14T11:16:18.064,1038.732,25.703100,
2026-05-14T11:16:19.327,1039.995,25.710900,
2026-05-14T11:16:20.596,1041.266,25.718800,
2026-05-14T11:16:21.870,1042.538,25.718800,
2026-05-14T11:16:23.145,1043.813,25.718800,
2026-05-14T11:16:24.410,1045.078,25.734400,
2026-05-14T11:16:25.681,1046.350,25.734400,
2026-05-14T11:16:26.952,1047.620,25.734400,
2026-05-14T11:16:28.217,1048.886,25.726600,
2026-05-14T11:16:29.481,1050.148,25.726600,
2026-05-14T11:16:30.746,1051.414,25.718800,
2026-05-14T11:16:32.016,1052.684,25.726600,
2026-05-14T11:16:33.287,1053.955,25.710900,
2026-05-14T11:16:34.548,1055.216,25.718800,
2026-05-14T11:16:35.810,1056.479,25.718800,
2026-05-14T11:16:37.080,1057.749,25.718800,
2026-05-14T11:16:38.348,1059.016,25.726600,
2026-05-14T11:16:39.613,1060.282,25.718800,
2026-05-14T11:16:40.876,1061.543,25.718800,
2026-05-14T11:16:42.151,1062.818,25.718800,
2026-05-14T11:16:43.411,1064.080,25.718800,
2026-05-14T11:16:44.680,1065.348,25.726600,
2026-05-14T11:16:45.945,1066.614,25.734400,
2026-05-14T11:16:47.210,1067.877,25.734400,
2026-05-14T11:16:48.473,1069.142,25.750000,
2026-05-14T11:16:49.738,1070.406,25.750000,
2026-05-14T11:16:51.004,1071.671,25.757800,
2026-05-14T11:16:52.275,1072.942,25.757800,
2026-05-14T11:16:53.541,1074.210,25.757800,
2026-05-14T11:16:54.814,1075.481,25.757800,
2026-05-14T11:16:56.076,1076.744,25.765600,
2026-05-14T11:16:57.338,1078.007,25.765600,
2026-05-14T11:16:58.610,1079.278,25.765600,
2026-05-14T11:16:59.872,1080.541,25.765600,
2026-05-14T11:17:01.133,1081.802,25.765600,
2026-05-14T11:17:02.401,1083.069,25.773400,
2026-05-14T11:17:03.669,1084.336,25.765600,
2026-05-14T11:17:04.935,1085.603,25.765600,
2026-05-14T11:17:06.199,1086.867,25.773400,
2026-05-14T11:17:07.462,1088.130,25.781200,
2026-05-14T11:17:08.728,1089.397,25.789100,
2026-05-14T11:17:09.991,1090.659,25.789100,
2026-05-14T11:17:11.260,1091.928,25.789100,
2026-05-14T11:17:12.523,1093.191,25.796900,
2026-05-14T11:17:13.786,1094.454,25.804700,
2026-05-14T11:17:15.050,1095.718,25.804700,
2026-05-14T11:17:16.319,1096.987,25.820300,
2026-05-14T11:17:17.583,1098.251,25.828100,
2026-05-14T11:17:18.856,1099.525,25.835900,
2026-05-14T11:17:20.131,1100.799,25.843800,
2026-05-14T11:17:21.404,1102.072,25.851600,
2026-05-14T11:17:22.679,1103.347,25.851600,
2026-05-14T11:17:23.948,1104.616,25.851600,
2026-05-14T11:17:25.215,1105.883,25.867200,
2026-05-14T11:17:26.480,1107.148,25.882800,
2026-05-14T11:17:27.743,1108.411,25.882800,
2026-05-14T11:17:29.006,1109.674,25.898400,
2026-05-14T11:17:30.271,1110.939,25.914100,
2026-05-14T11:17:31.539,1112.208,25.906200,
2026-05-14T11:17:32.803,1113.471,25.906200,
2026-05-14T11:17:34.068,1114.736,25.906200,
2026-05-14T11:17:35.332,1116.000,25.906200,
2026-05-14T11:17:36.598,1117.266,25.906200,
2026-05-14T11:17:37.866,1118.534,25.898400,
2026-05-14T11:17:39.134,1119.802,25.898400,
2026-05-14T11:17:40.396,1121.063,25.898400,
2026-05-14T11:17:41.667,1122.335,25.898400,
2026-05-14T11:17:42.936,1123.604,25.890600,
2026-05-14T11:17:44.204,1124.872,25.898400,
2026-05-14T11:17:45.474,1126.142,25.898400,
2026-05-14T11:17:46.743,1127.411,25.898400,
2026-05-14T11:17:48.010,1128.677,25.890600,
2026-05-14T11:17:49.274,1129.942,25.898400,
2026-05-14T11:17:50.539,1131.208,25.906200,
2026-05-14T11:17:51.804,1132.472,25.914100,
2026-05-14T11:17:53.069,1133.738,25.914100,
2026-05-14T11:17:54.334,1135.003,25.921900,
2026-05-14T11:17:55.597,1136.265,25.921900,
2026-05-14T11:17:56.864,1137.532,25.929700,
2026-05-14T11:17:58.137,1138.805,25.929700,
2026-05-14T11:17:59.401,1140.069,25.937500,
2026-05-14T11:18:00.666,1141.335,25.937500,
2026-05-14T11:18:01.929,1142.597,25.945300,
2026-05-14T11:18:03.194,1143.862,25.953100,
2026-05-14T11:18:04.464,1145.132,25.960900,
2026-05-14T11:18:05.728,1146.396,25.953100,
2026-05-14T11:18:06.995,1147.663,25.960900,
2026-05-14T11:18:08.257,1148.924,25.976600,
2026-05-14T11:18:09.526,1150.193,25.968800,
2026-05-14T11:18:10.790,1151.458,25.968800,
2026-05-14T11:18:12.052,1152.719,25.968800,
2026-05-14T11:18:13.315,1153.983,25.960900,
2026-05-14T11:18:14.580,1155.248,25.984400,
2026-05-14T11:18:15.846,1156.514,25.976600,
2026-05-14T11:18:17.108,1157.777,25.976600,
2026-05-14T11:18:18.382,1159.050,25.976600,
2026-05-14T11:18:19.650,1160.317,25.968800,
2026-05-14T11:18:20.917,1161.585,25.960900,
2026-05-14T11:18:22.184,1162.851,25.953100,
2026-05-14T11:18:23.456,1164.124,25.945300,
2026-05-14T11:18:24.721,1165.390,25.945300,
2026-05-14T11:18:25.981,1166.649,25.945300,
2026-05-14T11:18:27.248,1167.916,25.953100,
2026-05-14T11:18:28.515,1169.184,25.945300,
2026-05-14T11:18:29.777,1170.445,25.953100,
2026-05-14T11:18:31.048,1171.717,25.960900,
2026-05-14T11:18:32.315,1172.982,25.960900,
2026-05-14T11:18:33.581,1174.248,25.968800,
2026-05-14T11:18:34.853,1175.520,25.968800,
2026-05-14T11:18:36.121,1176.788,25.968800,
2026-05-14T11:18:37.385,1178.053,25.968800,
2026-05-14T11:18:38.648,1179.315,25.976600,
2026-05-14T11:18:39.914,1180.582,25.976600,
2026-05-14T11:18:41.175,1181.843,25.968800,
2026-05-14T11:18:42.442,1183.109,25.960900,
2026-05-14T11:18:43.710,1184.379,25.968800,
2026-05-14T11:18:44.976,1185.644,25.976600,
2026-05-14T11:18:46.240,1186.908,25.968800,
2026-05-14T11:18:47.507,1188.175,25.968800,
2026-05-14T11:18:48.780,1189.448,25.976600,
2026-05-14T11:18:50.051,1190.718,25.984400,
2026-05-14T11:18:51.325,1191.993,25.992200,
2026-05-14T11:18:52.592,1193.260,25.992200,
2026-05-14T11:18:53.851,1194.521,25.992200,
2026-05-14T11:18:55.112,1195.780,25.992200,
2026-05-14T11:18:56.385,1197.053,25.992200,
2026-05-14T11:18:57.658,1198.327,26.007800,
2026-05-14T11:18:58.933,1199.601,26.007800,
2026-05-14T11:19:00.198,1200.866,26.007800,
2026-05-14T11:19:01.461,1202.130,26.000000,
2026-05-14T11:19:02.721,1203.389,26.007800,
2026-05-14T11:19:03.989,1204.658,26.007800,
2026-05-14T11:19:05.254,1205.922,26.007800,
2026-05-14T11:19:06.522,1207.189,26.023400,
2026-05-14T11:19:07.785,1208.454,26.015600,
2026-05-14T11:19:09.056,1209.724,25.984400,
2026-05-14T11:19:10.326,1210.994,25.976600,
2026-05-14T11:19:11.591,1212.259,25.968800,
2026-05-14T11:19:12.860,1213.529,25.953100,
2026-05-14T11:19:14.126,1214.794,25.937500,
2026-05-14T11:19:15.392,1216.060,25.914100,
2026-05-14T11:19:16.664,1217.332,25.867200,
2026-05-14T11:19:17.932,1218.601,25.843800,
2026-05-14T11:19:19.202,1219.870,25.843800,
2026-05-14T11:19:20.467,1221.135,25.835900,
2026-05-14T11:19:21.732,1222.400,25.820300,
2026-05-14T11:19:23.002,1223.670,25.796900,
2026-05-14T11:19:24.263,1224.931,25.796900,
2026-05-14T11:19:25.528,1226.195,25.773400,
2026-05-14T11:19:26.797,1227.466,25.765600,
2026-05-14T11:19:28.067,1228.735,25.742200,
2026-05-14T11:19:29.336,1229.998,25.742200,
2026-05-14T11:19:30.601,1231.269,25.734400,
2026-05-14T11:19:31.876,1232.544,25.726600,
2026-05-14T11:19:33.138,1233.806,25.710900,
2026-05-14T11:19:34.403,1235.071,25.710900,
2026-05-14T11:19:35.664,1236.333,25.703100,
2026-05-14T11:19:36.927,1237.595,25.710900,
2026-05-14T11:19:38.187,1238.856,25.710900,
2026-05-14T11:19:39.461,1240.129,25.710900,
2026-05-14T11:19:40.723,1241.392,25.703100,
2026-05-14T11:19:41.988,1242.656,25.703100,
2026-05-14T11:19:43.252,1243.919,25.695300,
2026-05-14T11:19:44.522,1245.189,25.679700,
2026-05-14T11:19:45.788,1246.456,25.679700,
2026-05-14T11:19:47.049,1247.717,25.671900,
2026-05-14T11:19:48.317,1248.985,25.671900,
2026-05-14T11:19:49.577,1250.247,25.664100,
2026-05-14T11:19:50.844,1251.511,25.656200,
2026-05-14T11:19:52.104,1252.772,25.664100,
2026-05-14T11:19:53.365,1254.032,25.656200,
2026-05-14T11:19:54.637,1255.306,25.648400,
2026-05-14T11:19:55.913,1256.579,25.648400,
2026-05-14T11:19:57.178,1257.846,25.640600,
2026-05-14T11:19:58.452,1259.120,25.625000,
2026-05-14T11:19:59.717,1260.385,25.617200,
2026-05-14T11:20:00.982,1261.650,25.609400,
2026-05-14T11:20:02.254,1262.923,25.601600,
2026-05-14T11:20:03.519,1264.187,25.601600,
2026-05-14T11:20:04.783,1265.452,25.601600,
2026-05-14T11:20:06.053,1266.720,25.585900,
2026-05-14T11:20:07.328,1267.995,25.585900,
2026-05-14T11:20:08.591,1269.259,25.570300,
2026-05-14T11:20:09.869,1270.531,25.585900,
2026-05-14T11:20:11.133,1271.802,25.601600,
2026-05-14T11:20:12.398,1273.066,25.609400,
2026-05-14T11:20:13.669,1274.339,25.617200,
2026-05-14T11:20:14.930,1275.600,25.617200,
2026-05-14T11:20:16.205,1276.875,25.625000,
2026-05-14T11:20:17.463,1278.133,25.632800,
2026-05-14T11:20:18.725,1279.395,25.625000,
